X1,X2,X3,X4,X5,y
0,9.180831695,0.338964222,0.815285925,751.7815762,21.96070252
0,4.174843131,0.032864597,0.564895559,996.9620446,18.84524271
1,6.246199118,0.483332733,0.782380978,832.2109883,21.08783701
1,6.855714252,0.128648198,0.850433553,535.4988586,23.90654635
0,1.224143609,0.164815058,0.085037671,822.3890481,8.222496326
1,3.772813269,0.25528267,0.722321443,159.7205681,18.28281711
0,6.702413974,0.171878717,0.444190326,708.4898027,16.50368415
1,2.524979217,0.831456432,0.333505988,474.4341651,11.79477549
1,0.355125591,0.800918529,0.147356753,51.71060228,4.103230362
1,5.271665305,0.954502642,0.770506904,931.5113923,26.35404661
1,1.874734837,0.971114632,0.839225419,938.6804713,20.87177033
1,8.46233917,0.207141814,0.738985731,735.9041159,20.06229151
0,5.617363796,0.388230512,0.966738798,79.27585258,16.46150553
0,6.693005342,0.772446734,0.173327457,295.4845411,8.569152062
1,8.563422974,0.846607369,0.453498034,582.9590978,16.59388223
1,7.43798626,0.572185437,0.795419116,538.1878969,20.64993462
0,2.592662584,0.614173159,0.811115663,304.7752937,12.78391207
0,0.767648701,0.3052614,0.131531611,27.54379302,3.324056695
0,9.629076744,0.599819472,0.246650025,718.0971796,11.23860675
1,6.084884244,0.771523624,0.178577831,478.9094649,15.62584186
0,5.185451176,0.068642334,0.225483016,601.6749675,12.82899413
0,4.63653555,0.484624435,0.163400726,892.2159801,6.494633514
1,1.189326386,0.655730197,0.228299854,128.6874337,6.139451568
0,2.804527255,0.585684657,0.782315806,434.3672833,10.27816272
0,3.869345022,0.370907809,0.213937755,829.2942248,8.345189587
1,8.67487079,0.668140014,0.454338059,112.3360094,10.69812661
1,9.537613114,0.637039845,0.423913502,92.05617141,15.0750053
1,0.728164868,0.254630219,0.344663356,163.6773761,7.339782048
0,9.239126795,0.74692946,0.905843657,579.9489268,22.91065469
1,4.872281602,0.657050003,0.53762469,599.5410575,17.09611575
0,2.200182418,0.937654028,0.874997964,519.6120138,17.81953119
0,3.139185513,0.078329036,0.569389958,743.5931907,17.10472366
0,2.778934437,0.451420752,0.643640342,929.5381938,11.43192242
0,7.700756113,0.973220938,0.070095202,388.0638234,9.35531897
1,9.391367258,0.634386266,0.159995688,100.4719783,12.36672857
0,0.231088317,0.492245203,0.272531055,888.1407936,7.232133999
0,8.334455458,0.685213109,0.030300451,401.4593256,9.395296854
1,2.825202548,0.749881736,0.57500594,806.4691294,18.76548072
0,1.406015708,0.227936974,0.532030425,237.7862066,8.047689691
1,6.408760731,0.454896687,0.782234779,577.588409,20.58845602
1,7.707471807,0.378895276,0.612299073,957.1030425,20.10363137
0,8.8081991,0.683812163,0.02329068,617.3797976,7.343953504
1,2.543809201,,0.428446114,821.3829305,13.6986777
1,2.928212399,0.415594821,0.63749142,610.2742451,14.43967927
0,3.869441355,0.03716042,0.913714503,538.7303945,19.43337986
1,2.578297294,0.17854492,0.537298953,297.8322185,15.79732663
1,6.235315644,0.679737978,0.539610373,637.0814735,18.89592816
1,7.739122971,0.833463092,0.573990855,921.2829092,22.12611517
1,2.612084069,0.408639514,0.794802123,545.5578149,16.02921057
1,7.320064928,0.62923493,0.899868557,846.8730291,21.91003098
1,6.708145963,0.409969296,0.062577505,191.0986719,11.03089038
0,8.154854774,0.062547451,0.619920068,264.5174547,19.27555077
0,4.079393695,,0.10583215,423.1216282,11.51691572
1,6.422386761,0.938289455,0.607218914,918.2268874,24.50460797
0,3.979004752,0.946714428,0.803178353,265.8145218,17.75217465
0,2.101697424,0.173394638,0.139669045,864.8109299,7.913687903
0,1.505678848,0.422288407,0.352114768,379.8304384,7.85519064
1,2.539544503,0.943052239,0.360273645,682.1683677,16.11753544
0,1.620255884,0.503374733,0.434284915,131.4494271,5.872041537
1,8.397328708,0.583582742,,368.0968605,16.57163414
0,3.304364238,0.833167571,0.303772533,853.3666207,12.46315055
0,0.855290405,0.503647312,0.323231876,312.1799068,6.027960033
1,5.311479984,0.199599299,0.444858996,415.8993839,15.83101899
0,0.884570372,0.047754021,0.332207634,542.0978992,10.48660461
0,8.48176812,,0.46189635,177.1749775,18.03801153
0,5.6390173,0.198911852,0.139656844,500.9951148,5.799376811
0,0.087623949,0.172922109,0.34912435,84.69262154,6.18326632
0,5.258639206,0.935153623,0.86216462,482.7363819,16.91212195
0,1.07009483,0.097673929,0.015028448,431.1188788,6.510631961
1,8.448751996,0.150025114,0.364974638,561.8509267,18.77491515
1,6.87662179,0.738240741,0.250816292,931.7900424,18.03596628
0,6.570617237,0.53580029,0.641296596,740.7082821,16.01202257
0,3.1592663,0.483784107,0.518378098,677.4277263,11.59674294
0,1.847060364,0.042709482,0.408283325,109.5488055,9.709843446
1,5.64442509,0.737965248,,75.22103961,19.92701073
1,2.512659744,0.052286829,0.590118169,701.2297664,19.96085114
0,4.148752965,0.536457217,0.886697998,813.9915118,13.79798069
0,4.141317281,0.598724716,0.20588945,250.4713812,6.202330166
1,7.779526288,0.73228046,0.0957489,737.0487622,14.38111897
1,6.168556655,0.863615129,0.451078788,951.3348682,21.84758952
0,8.907686936,0.924269766,0.332891047,833.8783366,17.621639
0,4.386975109,0.691746963,0.16304942,168.3277814,6.349306527
0,6.889490645,0.797006245,0.286521477,659.7574969,8.021701829
0,2.900054706,0.64218771,0.443370552,98.83313239,8.447466697
1,4.182291286,0.178431603,0.49300391,690.4529442,18.47742558
1,4.616431291,0.741556027,0.231236719,775.274689,16.67827891
1,5.793877742,0.698335481,0.205558998,778.6777478,15.05433
1,,0.584091373,0.988350798,310.3940713,16.44464405
1,4.735910312,0.512307707,,984.7413965,15.93102255
1,1.392199742,0.58625005,0.043414482,918.3041699,9.109390823
1,8.066811006,0.886559843,0.505635616,626.6306717,21.16555888
1,5.580325712,0.032201113,0.1428223,376.3503992,16.89474323
0,0.912568029,0.237330557,0.651273454,766.3694316,12.83419418
0,6.928175037,0.66555708,0.454707818,267.0355997,7.142941525
1,7.430285698,0.424510722,0.989335508,255.7621383,20.43256267
1,9.255579206,0.736727876,0.092530686,912.6507593,10.9047815
1,,0.844032695,0.863260075,21.7956903,20.00060744
1,9.671028374,0.245360587,0.812265497,319.9787171,19.5036548
1,9.085070518,0.39104055,,389.9182922,15.75925497
0,1.115795475,0.447577463,0.943055084,544.0228651,13.06935268
0,9.305309199,0.053113262,0.273824258,457.463185,14.09734833
0,3.491435992,0.657148909,,557.5184923,14.02417184
1,5.920549248,0.161161906,0.295009807,693.1703963,18.66288096
1,6.276063682,0.315746191,0.153248815,656.7139605,15.19346338
1,8.213756972,0.840331772,0.373286135,595.5190307,15.74866024
0,4.652340425,0.888076216,0.449309261,204.2529964,12.54821544
1,2.717867399,0.798059438,0.50665136,330.4758813,15.84748581
0,0.202170085,0.668356652,0.959959432,642.9244505,13.38506464
1,0.194358497,0.76467,0.239122806,729.4373506,7.808919986
0,0.336958995,0.551142943,0.228765821,216.2959022,3.568726829
1,7.183261775,0.389826498,0.863354293,997.7057488,22.90577739
1,4.119781011,0.291917653,0.773649696,422.9058273,19.91306808
0,8.361316151,0.802731922,0.000793063,658.3627366,9.645862294
0,1.478714932,0.046493699,0.881040727,400.2593879,15.13924226
1,5.353738158,0.0639041,0.759412582,456.934188,23.67093247
1,2.430563548,0.587608068,0.059980366,231.6770791,8.027934147
1,1.417923927,0.365779528,,441.7465863,9.686665333
0,4.051789531,0.923002633,0.563409422,584.2220751,15.12337504
0,9.789326056,0.952989405,0.179583883,887.7951339,18.63796411
1,7.502467403,0.530804299,0.357098725,247.3802602,12.47363059
0,8.707162332,0.710745021,0.78549115,675.1923277,16.66459838
0,8.128217955,0.605098672,0.586054558,46.80592949,6.620490815
0,8.941221459,0.260951942,0.211763131,57.49875037,5.664706183
0,6.470895991,0.631082106,0.42327339,21.54650111,8.580502137
0,,0.548366086,0.29000518,281.3684211,
0,6.285257505,0.590989252,0.228498211,97.70333024,10.010531
1,1.311084147,0.964120155,0.276927867,222.2895561,11.86972326
0,8.460991018,0.586317422,0.991132147,,23.28133752
1,1.502936876,0.987050229,0.639752946,245.9126725,16.68539752
1,4.767902419,0.333675735,0.845719769,908.6481291,20.71437162
0,0.421710792,0.123256966,0.380047815,182.2676966,7.873012183
0,5.246029563,0.462578517,0.974357254,721.6259933,19.23257367
1,2.233877741,0.227244738,0.347686364,714.566386,13.82275816
1,8.722767474,0.101015861,0.385935057,788.5322915,19.85938831
0,7.258448233,0.281914644,0.146542592,64.60997799,10.0041582
1,5.30486826,0.398480089,0.33551859,378.822954,15.2915264
1,6.696070419,0.261536621,0.137068905,410.4984968,13.85004129
0,4.242044451,0.266338672,0.041922428,297.850414,3.446539787
1,9.606825571,0.706926497,0.610132618,458.2792432,11.47267177
1,2.913009807,,0.116765075,345.0861548,12.32062101
1,2.517513892,0.694591559,0.49878509,55.16162281,11.40833177
0,1.30807519,0.786673563,0.390517361,385.3880234,8.418063625
0,3.455535751,0.804764396,0.715821817,558.0833858,14.57024268
0,2.073164926,0.887934184,0.094622679,854.7132807,9.042459214
1,2.352370425,0.035977358,0.796492613,19.45055513,16.97337102
1,4.915690287,0.949514813,0.160404429,47.06144574,15.86954835
1,6.244170431,0.590752997,,546.7525746,16.5753898
0,2.107661268,0.691578734,0.146431208,315.349832,4.045500123
1,9.176131665,0.361732034,0.689274744,258.8649902,17.12029513
1,3.265943611,0.678424268,0.957364487,815.2362451,21.92611343
0,1.236244867,0.962126016,0.9703083,595.4761307,18.73645781
0,8.928484194,0.67851889,0.498651199,297.5788234,11.06403384
1,5.489666635,0.690633132,0.9480418,38.14255039,20.39691413
0,5.681099283,0.693102849,0.341531326,319.6051018,7.526418538
1,0.026079086,0.970830874,0.242572162,,7.233464368
0,6.696307821,0.527128237,0.479508509,138.7108673,9.99351307
1,0.710595915,0.64843825,0.41989067,113.125045,7.168526772
0,1.604949281,0.297266478,0.000201896,685.5010661,5.22686923
1,2.800734289,,0.825462204,721.9389876,21.50058336
0,4.26699553,0.572121242,0.776207485,608.4780512,12.25285869
0,9.884793416,0.756393079,0.395556455,921.1472286,11.12331283
0,0.008050863,0.723106472,0.210906185,914.2314232,7.677415094
1,8.472421971,0.858605232,0.309587848,515.7232055,18.17737125
0,4.773926315,0.09033528,0.385728513,966.8596473,17.14203629
1,3.170323902,0.631857266,0.201471212,634.4793112,11.6396523
0,0.511653046,0.046158759,0.104564601,632.4791649,8.695487037
1,4.41135852,0.799575425,,69.18127556,11.92609758
0,3.225982845,0.210903441,0.597473096,801.5863025,16.00691796
0,9.657506898,0.230734205,0.934919549,557.3112457,22.2054073
1,1.278848391,0.02678628,0.975187126,602.7296251,20.18903338
1,0.333374648,0.743880658,0.118330222,962.065818,8.049779188
0,3.930653044,0.297848441,0.766064563,118.2581507,12.03334996
0,9.747126109,0.339850925,0.315335903,94.83932395,13.5734299
1,6.19627445,0.689257965,0.032697155,427.6697252,13.17117021
0,2.950490842,0.807327222,0.459459704,497.1261641,13.33884458
1,4.610256418,,0.504290855,125.2766388,13.80739191
0,1.926464984,0.171081644,0.066810518,100.101012,4.742999721
0,0.374280157,0.201304571,0.136197977,949.3660806,8.246003176
0,9.19729403,0.913936811,,517.5506398,14.00835418
1,3.199109087,0.71993718,0.975358287,825.7191692,20.10794408
0,0.848361051,0.3629615,0.044085611,545.5711609,3.969020416
0,1.518375744,0.54456151,0.28741367,249.080843,5.856498181
1,6.697154037,0.143407984,0.316708834,816.8197808,19.7248641
0,0.34700753,0.939479231,0.694256792,313.3578134,12.61326062
1,5.964233543,0.907588511,0.918771122,793.1707133,26.18289239
0,1.780743335,0.468064321,0.942132974,821.6210982,15.17957383
1,3.282936778,0.939224009,0.175369776,13.93297522,14.16172601
0,9.121657315,0.351124601,0.194630002,44.07724161,5.302774153
0,1.853639086,0.380395241,0.604208514,326.8024963,8.445564968
0,6.280982446,0.15080365,0.162400521,974.5613327,14.620188
0,7.348156364,0.494542235,0.139549711,,11.3097953
1,9.777534983,0.154007486,0.165619736,332.8546073,15.41137041
1,5.821806425,0.966126844,0.820263677,468.0077062,24.86383653
0,9.367337693,0.559056581,0.10573752,318.9062148,4.343517414
1,2.77032194,0.366786901,0.604202799,384.2993964,15.72329482
1,7.162596143,0.386621106,0.895917417,117.757785,19.46140622
0,4.845881331,0.77202998,0.877363855,876.2016988,15.89329952
0,3.974565206,,0.4870899,563.8762014,15.41698496
1,7.302483301,0.551754906,0.332039582,867.0179865,17.60486519
0,6.527660275,0.625285723,0.567309605,706.884498,12.87983642
1,2.394012171,0.408646421,0.90639663,948.8021222,19.33419114
1,4.928007156,0.755664351,0.275446329,186.2428473,12.05699888
0,2.905557448,0.676293707,0.134882617,396.054813,8.135933443
1,2.904543788,0.41175367,0.216786943,896.7247455,12.46012974
0,7.866484476,0.479365605,0.176648743,281.6603461,6.064685832
1,5.591119961,0.70165448,0.382516042,509.2581411,15.41818263
0,9.088132836,0.762714547,0.869221741,20.37506773,11.93871444
0,2.528872161,0.532024256,0.908907196,801.3560259,15.8747704
0,0.173415844,0.403048138,0.264124379,223.1513956,4.144958545
0,6.739750403,0.549642726,0.372497206,742.4034736,14.67764518
1,9.061122968,0.08369568,0.776108742,224.4587061,22.13951232
0,2.649864817,0.043535218,0.277763495,550.9815369,13.1809188
1,5.970463391,0.982353091,0.362569174,655.878256,21.4651441
1,9.703745055,0.45396965,0.193076257,239.758107,9.40357649
0,5.281090512,0.709284054,0.83714483,237.9169289,16.75115063
1,8.018030907,0.396030018,0.392593041,50.400943,14.38615421
0,0.465891124,0.078794387,0.469529364,895.1503716,12.98745317
0,2.745947391,0.14713233,0.506246422,399.2795754,12.41278857
1,1.343204158,0.275226659,0.29913644,949.7563852,12.46393755
1,7.014883719,0.49763406,0.229249874,567.5619785,13.54009676
1,8.93910565,0.117689067,0.845451799,760.2252641,23.05463421
0,8.673840875,0.200383748,0.944953698,787.0172901,17.20903798
0,0.053153551,0.753521656,0.751846684,124.5773452,9.460113778
0,2.593606117,0.56166203,0.6823723,321.9475517,11.87510699
1,2.390948594,0.250352685,0.654108809,94.21121562,14.26519826
1,6.809781428,0.811970573,0.008989211,618.7115331,14.75824872
0,7.628808968,0.846860618,0.800757187,995.198729,18.96502837
1,9.145863321,0.91522993,0.216678139,685.5382236,17.71310986
0,3.451533623,0.212867731,0.535906839,244.0746754,9.125801705
0,5.228419867,0.249436099,0.25919335,4.690931629,7.06792249
0,0.085135535,0.133035862,0.378759988,347.3803825,8.242785147
0,7.487563694,0.347436912,0.003585178,891.5371309,13.68457835
1,2.294836339,0.030104748,0.434700968,298.3657654,15.78256628
0,1.475174362,0.491330164,0.302335513,760.9856908,8.134051973
1,1.046985675,0.522747761,0.267222574,727.8199639,9.5384946
0,1.194119094,0.006234945,0.148325462,712.2991729,10.77889021
0,5.473637263,0.607860236,0.534074761,212.9812108,11.36500598
1,8.039494436,0.933001902,0.465860245,349.8590154,20.15547584
0,2.233841359,0.00246472,0.940594934,839.5169909,18.95613399
1,2.740210815,0.812873179,0.125017744,44.34222084,10.34370206
0,6.286029888,0.640983923,0.523196213,877.9767016,14.84023538
0,4.242856689,0.034426365,0.761458433,57.3176399,13.48940191
0,4.21215995,0.242674405,0.965703882,242.2595218,15.72843337
1,0.495950359,0.754505004,0.90366843,615.5906148,14.61753344
0,8.689322386,0.429566909,0.832742056,662.127205,14.98194192
1,0.134345658,0.97274776,0.455388374,176.1719086,10.21381937
0,6.15690173,0.7267136,0.882096513,79.12153316,12.99472958
0,8.534040905,0.262797246,0.207101981,288.3886348,12.71212004
1,3.731031035,0.534357256,0.946014498,627.3158121,19.21594316
1,8.071198726,0.415636056,0.146174528,585.7481811,13.85999931
1,3.367960328,0.537921238,0.7215394,160.1382902,16.22149248
1,3.290355874,0.583220822,0.891679391,971.5296232,21.3216403
1,5.320867174,0.146629837,0.347010507,105.0630622,15.72354408
0,2.062789758,0.084871675,0.887662357,89.67775353,13.6037022
0,9.318092765,0.437175639,0.195862275,141.6655795,11.47435041
1,8.552258342,0.186187622,0.142181805,438.5875003,11.10373403
1,4.179862486,0.494373313,0.7463331,344.6950565,18.25564984
0,8.972976829,0.678088212,0.23400731,512.7730682,14.90763696
1,6.385162328,0.688637249,0.928945906,504.0098443,21.7584779
0,2.115698307,0.608740757,0.301839219,607.4305491,7.24223648
1,0.727027649,0.392897573,0.004829764,538.1175561,5.054198303
1,9.076744078,0.917775056,0.811558735,125.9138696,22.08848857
0,9.775124555,0.046694689,0.800826983,344.8518151,20.23823918
1,5.696753588,0.075443554,0.387701231,560.2126151,20.24560532
0,5.693843109,0.468941496,0.182454884,518.5453779,10.3040382
1,3.091584794,0.660137657,0.46161947,699.9134606,13.80835464
1,6.33818645,0.359836672,0.548429914,235.2197173,16.80996489
1,5.203081502,0.742646872,0.122133705,406.8657038,12.91658053
0,5.838579633,0.972991935,0.39431937,869.4995007,19.73175602
1,3.267913347,0.52110504,0.259203418,907.5803168,15.54066462
1,2.009882369,0.287892224,0.854197738,847.5875804,19.01514144
0,3.670916128,0.651421054,0.675091161,241.6346545,9.876774573
0,8.818662967,0.782848784,0.30020535,564.4707247,15.62790063
1,5.101190871,0.156315646,0.670766716,320.7361378,19.85122149
0,8.392164628,0.223301168,0.125035959,839.8710215,13.31428698
0,9.179613927,0.614863682,0.182716065,243.7983634,9.573299849
1,3.273168291,0.318477112,0.644183264,244.4070735,15.70815187
1,0.888826391,0.901550689,0.418755549,301.9765937,10.99788593
1,3.101900751,0.943803513,0.354157734,697.5793644,18.09965728
1,0.633369092,0.739378854,0.536923631,143.1290803,9.137280799
1,5.358069331,0.619592813,0.921077037,369.2925794,20.65483893
1,5.002217068,0.353556285,0.400138369,952.4373027,17.28133928
1,9.866185118,0.988700452,0.236279639,626.4917418,13.78812834
1,0.531014353,0.417851267,0.031416323,751.338557,5.162019959
1,4.537702146,0.320317382,0.225515771,519.6421722,15.35291645
0,1.817932857,0.468494011,0.819579839,651.3054841,11.87199201
1,3.537501305,0.546340271,0.946987503,969.4996473,22.93454245
0,4.648109841,0.159510158,0.1408128,3.779256456,5.297984717
0,8.317468006,0.155508221,0.030654836,776.4537899,9.485136653
1,6.264022034,0.46171431,0.076505571,73.7457649,10.88932096
1,3.865502425,0.086353426,0.512398329,48.81758234,15.13501675
0,4.648848297,0.29936962,0.924546043,444.1472054,14.62438657
0,4.645035674,0.144634108,0.836449528,14.04410744,14.59636681
1,1.410481368,0.548072977,0.434566323,460.0535648,10.15272531
0,4.18930878,0.686257639,0.051078323,569.1767858,8.822058653
0,4.340983811,0.872208902,0.380909988,495.6505371,14.60719956
1,9.674684624,0.704418495,0.225905451,179.9277117,10.18009714
1,9.765481896,0.262058734,0.018269845,37.50136488,4.447137006
0,5.513224422,0.506607365,0.115793838,369.3832557,6.794543487
0,8.921351187,0.662487376,0.832912193,926.6470762,16.28765352
0,0.549948382,0.162281713,0.765056694,333.0636804,12.26991364
0,0.535551567,0.206894255,0.539277657,8.785301794,7.349118448
1,3.517076137,0.050012291,0.381750015,612.9632738,17.30734362
1,7.50001325,0.753115322,0.241824015,93.35030533,12.96114348
1,6.217886587,0.986799728,0.378807599,578.2523635,19.86218302
1,8.909645402,0.91674572,0.027207813,361.8064804,9.215667047
0,1.758896923,0.802833231,0.50098965,520.4246888,9.499263245
0,5.621436279,0.323459476,0.278590684,328.7646139,8.434690594
1,0.718627424,0.516255334,0.614729634,170.1356895,8.492066296
1,9.22237186,0.47200252,0.956267243,801.5472077,19.84783088
0,3.02222582,0.608905036,0.203126012,290.9007073,7.572212521
0,1.110566683,0.059683945,0.830774973,617.3941004,15.5100382
1,1.778162363,0.848042664,0.785755897,976.1484315,19.03800499
1,6.253350309,0.510844101,0.132228924,585.2997767,13.98604854
1,5.8493984,0.998038731,0.818998156,626.8158334,26.13416416
1,1.986791859,0.518967602,0.133167395,570.2395733,8.439680277
0,5.373442211,0.441426957,0.753498359,150.4000624,11.80427246
1,0.822217736,0.253113148,0.897180416,805.5515657,16.67536943
1,1.515499023,0.701479399,0.111664119,992.852145,9.838669483
0,7.441582506,0.988756641,0.843851849,713.4018061,25.39741921
0,1.439641584,0.122358232,0.742541075,749.8567464,15.78400891
1,4.610540311,0.371639701,0.144823239,845.9421652,13.17715692
0,1.632234379,0.616304349,0.226326285,464.1315044,4.96960409
0,5.178224041,0.09517596,0.176194431,122.9149319,9.864888316
0,2.866772605,0.070672328,0.056209078,912.8908137,12.24326797
1,8.067937159,0.058131251,0.37542636,97.30596053,17.91814588
0,8.757534879,0.314339571,0.549394958,528.281719,18.16108228
0,3.539190034,0.624172741,0.794645372,793.2534652,15.63481907
0,3.13375766,0.716818412,0.720109452,657.109887,15.97920234
0,4.659717892,0.768692196,0.351499781,56.60612378,5.635588957
0,3.138013476,0.603439927,0.719758825,233.4417231,11.88874921
1,8.300234341,0.589085242,0.20843153,976.4996744,13.06312235
0,6.7257308,0.384286068,0.853180974,805.5623002,17.88871276
1,6.115638579,0.596482681,0.529753561,208.9427868,15.03605781
1,3.27384232,0.447744958,0.708976656,3.014039915,12.56854188
1,1.687716995,0.083747225,0.928605201,252.819277,17.75504142
1,9.45347701,0.979015647,0.775634281,380.2931905,17.09193131
1,3.468801167,0.781816439,0.438095763,728.6498101,18.19274306
0,8.89228971,0.446964317,0.347119352,817.2164535,15.19046956
1,4.625938026,0.73389922,0.370536392,156.8148997,15.32440523
0,4.020958392,0.468980284,0.87245686,680.8638311,13.52576213
1,2.682789394,0.61288083,0.246541499,830.3866086,14.21251382
0,9.804780295,0.703105928,0.250331869,700.3562736,13.53217127
1,1.944306918,0.425078027,0.555559162,18.79207592,11.04092435
0,1.154859649,0.885053059,0.892120977,968.6628899,17.52590185
1,4.281043365,0.514833021,0.952864285,323.0801695,18.24248445
0,0.683503447,0.270312935,0.477261161,172.0672392,7.53019688
1,9.858614816,0.677613129,0.539923874,283.7111738,17.19168023
0,6.462062076,0.326332964,0.840445528,350.8088181,18.3633437
1,5.790681623,0.898018315,0.756738394,855.9572555,25.01379492
0,8.263983862,0.582299093,0.137723651,612.4280933,6.920093427
0,3.805061025,0.485802856,0.327300247,5.479788285,4.73772433
0,1.15115325,0.640050288,0.962370962,784.4837351,14.09629789
1,9.039810396,0.600755849,0.097703742,157.1085594,7.627886295
0,1.676076884,0.828086404,0.125587698,13.34792909,3.595308304
0,5.591644835,0.051425713,0.814446137,32.5090716,19.04456424
0,0.497590031,0.267580387,0.387477389,882.0458734,9.445387209
1,5.226244823,0.123679275,0.274729113,707.8969898,18.79666086
1,0.111433143,0.959991605,0.379922611,19.1147701,8.461355816
1,4.934069129,0.342739487,0.256369061,840.4053602,16.53958413
1,4.493297251,0.498251442,0.208253349,23.90892097,10.03372087
0,0.104997329,0.612824368,0.421649971,710.5331667,8.160866023
0,6.547717587,0.68938201,0.915811872,613.8851324,21.36872958
0,2.678554947,0.609746653,0.843892613,326.4664621,11.72775422
1,9.168817113,0.853288982,0.236342666,336.3571697,9.532708939
0,4.968527112,0.580685214,0.388997582,324.5458236,10.02957868
1,4.846769624,0.363923471,0.2943243,18.20292033,10.74518417
1,2.890322045,0.512729513,0.531391168,62.11688819,10.27842422
0,3.229822252,0.342422169,0.356089335,503.0374346,10.05981989
1,7.430435459,0.535691465,0.31564784,765.032433,16.63237351
1,7.355063137,0.241597894,0.431955138,584.918745,18.56353456
0,1.363004792,0.614326136,0.276730936,722.3943114,6.762696529
0,9.044919224,0.196231119,0.778390188,858.0547139,21.83261776
1,6.385992071,0.344659458,0.155239348,84.1156043,11.87283373
1,6.679897308,0.898167998,0.351113444,841.9887601,19.70615169
0,6.352414528,0.367460734,0.598830684,612.2703134,14.26360107
0,0.264859562,0.271455688,0.378457722,628.1122879,8.000381249
1,2.440248291,0.917788251,0.686514092,772.3313058,18.47677947
0,9.909306546,0.9190248,0.873113729,550.9617108,18.09331964
1,8.413801635,0.266695494,0.332958057,501.3933413,16.84977521
0,8.998443936,0.138425509,0.297303978,631.5538805,14.8605685
1,8.705257798,0.102860966,0.006724055,67.39782539,12.7400695
0,6.325222953,0.255533456,0.542202967,879.5339307,16.82089174
1,4.516750627,0.254638718,0.846241236,210.782657,17.48713978
1,3.473458085,0.993180269,0.637605083,424.9357508,21.58339615
0,9.731502483,0.236887286,0.418367802,187.9923789,10.17316134
0,8.637740265,0.357533076,0.497654691,415.9458783,12.08978154
0,9.661301187,0.072088985,0.566358132,394.4154106,17.58581994
0,4.952923115,0.398026801,0.336103099,32.58012877,10.02051763
0,3.027507,0.364094263,0.983223499,146.3314439,12.93952338
1,7.304298804,0.21250572,0.015089873,5.15389138,11.00443188
0,0.721329602,0.74083376,0.472260928,153.2370922,7.032280788
0,7.354184578,0.715342441,0.644112265,840.0186268,20.58467574
0,5.841661399,0.949536963,0.273821803,650.4522697,17.93741869
0,2.998812602,0.7455645,0.684531744,710.7692273,12.1091738
0,6.164500065,0.136223013,0.593720793,554.3628581,13.62452918
1,2.17514661,0.012398421,0.415000451,988.9183256,18.70492684
1,6.543605846,0.703425692,0.816709068,724.2474653,21.69396327
0,0.937922091,0.893245047,0.652380793,346.8272593,12.7079106
1,6.8527595,0.019793153,0.550593166,652.4593282,23.22704201
1,7.292425242,0.510970888,0.301389448,648.8956559,16.12026021
0,6.714841039,0.574178502,0.43028235,954.8122704,10.58235319
1,1.468778432,0.454760458,0.494083831,805.3313708,12.18200751
1,4.470686462,0.180345662,0.953618569,576.8535423,23.93494315
1,2.676506655,0.262403924,0.614552835,38.78691272,12.9124158
1,0.493369799,0.135283143,0.788388911,946.1880716,16.64161341
0,1.731259013,0.330720238,0.252597728,976.0322824,10.34306896
0,4.688762026,0.738706726,0.170932289,419.0091407,7.87643485
0,0.454530024,0.431941921,0.452817452,135.2490881,5.711358302
1,9.852781932,0.607878541,0.69648411,461.2290517,18.99404319
0,4.466803049,0.296567653,0.359445051,102.4165618,10.46868524
1,5.094108381,0.646803861,0.038462368,575.2081724,13.22627075
0,1.892731482,0.823407441,0.115643434,597.4681481,8.813076039
0,3.047946858,0.166369514,0.176860279,815.7570328,8.651072842
0,9.414360038,0.157441469,0.252527173,771.0032425,9.207930313
1,3.324532654,0.388282917,0.185544368,889.0967347,14.18467753
1,1.501124993,0.995779023,0.915300386,219.095326,17.77031724
1,1.216701353,0.513161304,0.839460116,463.8877626,13.20671208
0,8.977017465,0.371939191,0.723515561,806.7126174,18.45072697
0,6.072145973,0.352631567,0.965084427,886.6398474,19.59006271
1,4.418165701,0.308167943,0.823137285,632.7712594,21.78613218
1,0.819966238,0.292249755,0.80091049,96.06973271,10.80425743
1,7.091431508,0.659560661,0.693357312,892.2066592,21.12531388
0,2.984064512,0.518367758,0.465805659,851.3414966,11.56564078
1,4.752480032,0.305347561,0.688901801,30.36423669,17.66052595
0,0.277718818,0.073823857,0.449492192,283.1115469,9.962773026
1,9.458886413,0.664107243,0.294443091,524.6404547,13.07192617
1,4.985952915,0.805265774,0.458355863,540.9554785,17.92435598
1,6.4630059,0.211262472,0.302646191,390.6002706,15.70211165
0,3.109927995,0.980356373,0.619039122,8.043353739,12.70625792
0,7.566330774,0.398381942,0.667200842,679.6422582,17.63755298
0,6.891405384,0.143934119,0.685489673,654.2931448,19.28883295
1,6.349903452,0.395690627,0.407103042,794.5160854,18.25044407
1,3.168839304,0.157160656,0.900382356,149.3750772,19.44816786
1,5.314734527,0.351778478,0.093305031,657.0232455,14.65047029
1,0.655203539,0.203945437,0.438191877,691.428358,10.85292274
1,1.681208967,0.377448134,0.604391169,362.2809424,12.9176585
1,7.892299531,0.998104638,0.500193095,497.7821156,22.45127014
1,3.516909753,0.761493813,0.62841041,994.8384602,18.87283873
1,0.191319599,0.347245722,0.109250996,465.1050122,4.473289341
0,2.183200265,0.753322871,0.2830698,187.9858268,7.522286235
1,1.759694002,0.195957824,0.201448933,283.471301,8.756955078
0,8.27318935,0.25802204,0.396456909,508.515117,10.37072591
1,8.386249446,0.962731304,0.30319437,130.1963202,17.61546566
1,9.480170087,0.390993998,0.95042952,306.012514,21.24243205
1,6.98037113,0.578096689,0.554926827,224.1579237,16.78398302
0,4.316397858,0.900784112,0.522354412,91.50939617,9.823818748
0,0.116043107,0.232066174,0.774267908,576.3668736,12.12819313
1,6.639514601,0.537491862,0.043903329,479.2378305,12.79756653
1,9.110224388,0.257848749,0.82158503,360.2437662,20.86740973
0,4.4828123,0.696956273,0.99102589,214.8235824,15.56183216
0,4.47720439,0.030074469,0.603416937,229.4695659,15.93614794
1,7.917958803,0.783711662,0.374478033,134.0180835,14.26845783
1,9.674205454,0.56134692,0.821751686,634.673352,13.10686864
0,9.037624564,0.287599257,0.880444996,586.4934148,15.56995226
0,3.970651867,0.891562323,0.601476336,642.8446509,12.77552567
1,5.454709378,0.347110963,0.536898237,86.13402707,15.98749898
1,5.655902035,0.820301894,0.023276533,780.2931012,15.89604843
0,3.761243038,0.610843762,0.462743933,947.7786838,11.29463871
0,6.328921725,0.527833421,0.677956775,179.686768,11.86370666
0,6.403872213,0.994061162,0.468449372,604.1013446,16.3180601
1,6.61234058,0.843986688,0.691799988,720.3217895,22.83381284
0,0.605811423,0.730223859,0.075141629,993.9151338,7.398104425
0,3.051413547,0.01818916,0.178325367,23.70232378,6.684321068
1,4.341067005,0.530090515,0.780816481,645.7144597,17.96357018
1,5.385987036,0.160637936,0.326682233,591.5727913,17.65689772
1,0.36467678,0.788433182,0.295224043,707.4687581,9.11619187
1,7.371603124,0.518814699,0.34724726,251.8784455,14.47164963
0,8.498717383,0.240661084,0.199239856,425.8005326,10.49840202
1,0.991956122,0.366710543,0.923485115,998.3060402,17.27474306
1,3.619555482,0.286075007,0.315506761,28.98109859,10.28613532
1,8.270596657,0.05174542,0.23559751,349.8821102,16.60993989
1,3.588055873,0.330529204,0.148147814,245.8949176,8.725687488
0,2.372420023,0.406258933,0.808320418,71.6733973,11.35928024
0,8.732252502,0.674155639,0.776054316,492.1221051,17.41474121
1,6.93156699,0.575846538,0.702992759,955.5676054,21.77109541
1,8.07897989,0.128474799,0.721178054,668.9720034,20.15524484
0,8.75674931,0.557217958,0.395961544,155.1075499,14.38053212
1,7.290603891,0.279337952,0.175516009,327.9454935,11.98760688
1,9.921595716,0.324588597,0.872061705,664.2153296,21.96938464
1,9.409423942,0.975455141,0.709012323,72.1566607,21.94514172
0,8.303273993,0.381074394,0.828048603,107.854843,14.95531932
0,2.115061351,0.774644829,0.948780199,330.3481683,15.59037557
1,3.896675561,0.0752471,0.523390635,113.2094785,18.24425284
0,8.202687598,0.740610765,0.476720648,565.1586709,17.58333949
0,1.829773762,0.738567497,0.3230824,747.2920179,8.642960549
0,5.428831253,0.312164467,0.86322158,382.6763552,12.20494366
0,1.399517484,0.836504985,0.850291833,394.7546668,14.81279413
1,4.005887607,0.650436794,0.947912854,813.4983775,22.7834455
0,6.362698739,0.996723965,0.1980635,270.5282476,16.67231543
0,9.529403979,0.65500401,0.32404303,204.1581374,14.13471971
0,2.398925308,0.602732052,0.26424202,178.4201112,7.40869747
0,5.570069148,0.348206481,0.692855809,916.6130692,13.6747676
0,6.194251306,0.44443543,0.350092227,724.6443332,7.372988837
0,0.668768404,0.356880647,0.957928639,710.2780194,14.00182021
1,5.83437213,0.37495816,0.868609067,575.9361381,21.68365303
0,2.193186361,0.489776054,0.209393689,509.3064885,7.866778436
0,7.967344243,0.369516288,0.205861862,193.4280366,6.615230352
0,5.431647254,0.907125915,0.485363871,303.296353,15.63465814
1,2.792341724,0.474593292,0.446056076,57.52659083,12.12134711
1,9.189306564,0.461090963,0.456157347,361.9562437,16.20326872
0,5.152783815,0.647573287,0.421072819,959.8947569,13.34629486
0,2.737600863,0.468158329,0.88050726,612.7504964,13.77354784
0,9.833948701,0.621509833,0.200259735,229.0615396,12.76778344
1,4.157755918,0.778356178,0.93529354,331.3441842,21.79471425
0,2.35731882,0.893056361,0.948289242,667.3375289,17.53958457
0,1.827383799,0.669017382,0.990754585,909.9676008,15.62787227
0,9.79621382,0.347343452,0.992716591,439.1473384,16.81774128
1,0.974786795,0.066586061,0.440914492,384.952456,12.59094845
0,1.26210937,0.62184254,0.830337681,625.5116732,13.63245123
1,7.193846897,0.955651254,0.442048466,879.130017,22.61848954
1,4.706101148,0.157049298,0.018398621,516.3766772,12.08713221
0,2.11225999,0.265486409,0.567660695,732.7959625,11.83984335
1,4.746231204,0.152982251,0.071652041,534.0818554,15.17058084
0,0.898917655,0.529662329,0.718143146,486.6811018,10.09258344
1,0.244783435,0.445297633,0.783975417,568.9525018,11.32032648
0,7.601387217,0.206184761,0.354903809,142.0477209,13.69586589
0,6.316043508,0.967383391,0.299973656,239.2830576,9.718623393
0,4.479166315,0.72732965,0.796631276,516.4717013,14.26812818
0,5.412598189,0.028013774,0.616827939,516.2091833,16.45286248
1,6.558431792,0.043360427,0.502535068,53.36405019,19.08879056
0,9.786201901,0.443765479,0.208511968,591.1078608,15.08012595
1,7.146542537,0.542344339,0.583963577,350.6665574,17.55747597
0,5.998850388,0.473027201,0.646844234,665.2719188,17.75856428
1,8.309814898,0.059042388,0.027049423,893.0998752,18.31874921
1,5.057104169,0.480492607,0.889241011,479.7061297,21.27637927
0,1.333423045,0.18791779,0.943933764,935.5549194,17.9640324
1,4.913830258,0.492180507,0.323577436,37.15018084,11.31840353
1,2.061944052,0.703443392,0.363362378,138.1892472,9.727666407
0,0.094355497,0.144885181,0.474380917,183.8471798,8.287537549
1,7.35718578,0.11607523,0.314418466,562.072523,18.89359802
1,9.51970941,0.582499279,0.460290101,131.5893005,15.25378818
1,6.533349156,0.292011227,0.305761298,954.3348783,18.1949557
0,7.212864028,0.533969115,0.792281085,994.7252973,19.6988072
0,7.842151519,0.593029813,0.197528303,587.4547689,7.755226231
0,1.500887744,0.275507539,0.229981924,207.2716323,4.860018478
0,9.114748365,0.679336706,0.807465549,905.3556898,17.76564811
1,5.65825722,0.835360773,0.538569985,548.8540484,19.01688033
0,0.300202015,0.93376344,0.348604657,827.5076202,11.79800919
0,9.928583122,0.172289988,0.647289329,281.6722462,19.38253234
0,7.343695516,0.346682204,0.314804155,291.7278172,12.4709123
1,3.31591851,0.219463824,0.131907967,71.76244255,9.423351487
0,3.520225533,0.574272186,0.871980369,17.5535152,11.52511873
1,4.165874147,0.55263755,0.282798729,88.01688417,9.722166306
0,1.470553037,0.954446919,0.793233644,908.7905428,17.97672286
1,4.949281439,0.688376431,0.126029538,347.1055979,12.87794103
1,6.064953834,0.366640522,0.23640463,915.7300517,16.84866881
1,0.860476428,0.680481851,0.791148554,703.0003324,13.61544234
0,0.169412387,0.733195457,0.698656719,769.5079776,12.09072728
0,7.825665434,0.116857491,0.433163901,444.5598248,17.73359978
0,1.833688901,0.298171966,0.890175168,727.4119359,14.61024101
0,4.720792058,0.852334757,0.045802016,479.7932532,9.989458326
0,3.110465744,0.406376283,0.855802784,198.3369715,10.75427816
0,8.156597758,0.909130677,0.497288481,653.9059315,12.57287181
0,7.240501928,0.98661991,0.366695878,505.9617273,16.63290279
1,5.27257947,0.123872208,0.103185389,489.0101629,13.72970978
1,2.258089229,0.976782631,0.943427307,697.7495884,23.86759348
1,2.046747465,0.851473567,0.989979122,691.7954577,20.44672949
0,5.189666848,0.142570367,0.533485371,401.453449,16.72470026
1,4.36470918,0.724615191,0.594654613,748.1208994,20.3005704
0,6.098682879,0.146260444,0.392937846,541.753653,13.04971822
0,3.608131216,0.302276893,0.329618019,208.5782608,5.686845222
0,2.126548486,0.183972721,0.839826854,136.8340325,12.23875961
0,8.119951316,0.434400471,0.329523688,179.626653,6.037557544
1,9.858711845,0.154765889,0.790893736,377.4196704,21.4651904
1,5.349520873,0.071926484,0.307638247,11.47722519,14.83325984
0,3.931022842,0.76167018,0.136082372,189.297735,4.639873533
0,1.245102716,0.439332429,0.026593994,464.5037046,3.843259049
0,8.594549119,0.048583125,0.341361358,770.0150792,18.03339096
0,2.739443803,0.942669196,0.039868596,389.4629849,7.599207171
0,1.314344089,0.577999474,0.944783621,982.2088335,14.99552145
0,1.918186074,0.42231575,0.253257949,961.8293002,7.626467942
1,9.884428323,0.846164955,0.632143288,576.950166,14.4374791
0,4.026935123,0.932075875,0.826658615,469.1668226,16.36574269
1,8.276464238,0.73790317,0.314656431,797.7364983,15.59290268
1,3.426994811,0.308617426,0.548227802,530.7246442,16.79265216
0,4.814592961,0.689141447,0.850192014,40.64568402,14.2897956
1,0.894489331,0.097085304,0.11674659,497.3728224,9.524516841
0,0.156767117,0.031315292,0.339255539,190.8972037,8.890516037
0,4.866961336,0.325278883,0.04105652,59.01587189,4.758739822
1,4.435404634,0.460692569,0.754521064,194.9387694,17.97489643
0,4.802402629,0.831250058,0.664692658,39.24642487,11.75888118
0,1.544585834,0.730348394,0.241096063,610.6463079,8.246234557
1,2.056324758,0.639000432,0.660754367,241.4572131,13.78120167
1,6.352718011,0.569383665,0.869081457,516.979481,20.93916102
0,5.847181558,0.438981469,0.550934622,152.5166506,13.246194
1,7.996247612,0.47690636,0.010886957,895.3043553,14.25058301
0,2.970288571,0.275977926,0.425100654,932.910238,11.03947295
0,5.670723788,0.158356125,0.484890856,403.6330917,12.52288115
1,3.563077911,0.265810052,0.710804651,551.4429714,16.94095202
1,7.663982841,0.925854494,0.28952924,218.6224027,16.07477689
1,9.015806579,0.105707456,0.583004403,472.8487337,17.51525365
0,0.066218503,0.986755369,0.058239481,802.5604262,9.419785677
0,0.762314123,0.489474947,0.289680938,102.7859023,4.594445379
0,2.631864051,0.752250355,0.602397802,439.9272314,9.689827269
1,7.874506528,0.973186191,0.364632925,295.4046693,19.10598971
1,1.821718638,0.896839684,0.535932655,155.45363,13.84812506
0,8.496592682,0.974370148,0.405610718,816.4870644,19.62825942
0,0.025468493,0.694499456,0.910521065,578.226152,12.75984043
1,6.591718532,0.218514783,0.518551343,842.0510641,20.97826501
0,9.200921802,0.973148601,0.96153119,269.2428667,20.77949372
0,0.138094195,0.851019797,0.570493328,968.4589877,13.2045338
0,3.733969918,0.684324238,0.129278454,28.10114293,2.921844464
1,2.191173238,0.56986002,0.257203075,523.125187,8.697207141
0,1.580460647,0.450436455,0.769241947,459.5677807,12.4274366
0,7.963543738,0.86813196,0.629916972,214.6614906,11.27956161
0,4.763495058,0.672936054,0.134523955,405.0032013,7.238659824
1,6.143998967,0.634216934,0.237589887,794.5080852,16.70602379
0,7.502000364,0.768827928,0.355177574,765.7381425,16.61495644
1,8.057275431,0.006449794,0.703094287,711.6353922,23.78861029
0,9.355897017,0.151597677,0.678106249,908.5982731,22.31987437
1,4.665870661,0.590919004,0.209394544,747.8314664,14.43263449
1,9.770737597,0.203919845,0.851037947,791.9172446,23.25644202
1,8.584982867,0.495557968,0.497510017,812.6097358,14.35666372
1,8.267346251,0.224490835,0.79024849,390.1528874,20.82124787
1,6.138876015,0.792688727,0.979566493,276.8823496,22.65347598
0,5.128711268,0.041881036,0.795616672,791.2604922,17.85706776
0,5.142530787,0.889833248,0.852063022,62.50079438,14.09941894
1,0.847220928,0.268641044,0.541792959,714.560557,12.64848574
1,6.27323922,0.58114293,0.06334451,133.1346056,11.4276866
0,3.311246715,0.780107904,0.732349579,870.5895804,14.7293438
0,9.076712985,0.687245099,0.838538069,724.4938266,18.43102816
1,5.724623419,0.31257731,0.795304673,609.1658798,20.82548762
0,5.229265251,0.281870167,0.380164025,620.8193573,12.84644734
0,3.46185494,0.573466338,0.420303078,990.8224332,10.95932444
0,9.543863163,0.550095959,0.425860273,202.814841,5.707165512
0,1.096039486,0.513756501,0.319115476,869.9355583,8.526695877
1,4.330921563,0.510331154,0.977222428,585.2226762,19.02827124
0,7.644159966,0.867775623,0.409196957,428.7014504,17.90541983
1,9.34705449,0.588499102,0.108548516,887.1161028,12.37831201
0,2.590095514,0.229685592,0.116281461,872.5625689,8.642157737
0,7.664626929,0.862692165,0.548542876,786.7458646,19.6670814
1,1.471892569,0.363676538,0.011108682,75.40879557,5.196680708
0,0.233951855,0.734983226,0.102693681,37.58622767,2.370535654
0,1.379840881,0.057099681,0.612122548,4.220247232,11.89727663
0,7.803307377,0.557576534,0.772450041,62.2982178,13.46490544
0,7.597233292,0.384468923,0.239777413,112.6292725,5.631240887
1,7.005412238,0.284060505,0.079944538,58.73727369,11.45323931
1,8.49601424,0.053707173,0.407350697,484.5491888,18.67720815
0,2.748628253,0.897187731,0.127730698,166.6237419,8.283736284
0,3.426955975,0.459822848,0.504530007,670.9961451,13.17933
0,7.764506564,0.293535374,0.048431629,760.9313523,6.366990813
1,6.87305153,0.790066811,0.681427125,548.3584684,21.0983921
0,1.014321344,0.416164255,0.056743927,996.4085686,6.296911629
0,1.490076488,0.096635235,0.915199102,284.4467698,14.13472328
0,7.828503355,0.965332337,0.83887568,169.2319397,22.69918735
1,1.797569077,0.423104285,0.444391305,562.1694454,12.2551824
0,4.291602008,0.952157462,0.021793909,961.3803777,10.98556559
0,1.638263098,0.778033917,0.824752364,493.0708323,12.98787481
1,9.2037491,0.26261307,0.078404876,829.3057374,10.27066057
0,5.287146429,0.945339286,0.048037533,404.2723282,10.29735599
0,3.513549275,0.197024458,0.069373259,807.5541255,9.21669081
0,8.903048888,0.617074886,0.607248816,722.0122301,11.83486787
0,5.978378525,0.127964072,0.337126422,896.4030769,16.06884841
0,2.309625242,0.114790431,0.229767166,620.6785858,11.26450638
0,5.594953832,0.561593134,0.094941785,744.8073159,6.70552774
1,9.437797914,0.135782169,0.100021584,448.2341966,9.561705208
0,9.241521444,0.594214264,0.437061534,72.93857614,14.72247771
0,9.638929204,0.174274916,0.718717094,100.0705464,10.22795389
1,8.264220255,0.803947767,0.410440553,265.3920873,16.98846697
0,6.100758761,0.96293306,0.466887269,370.3659207,12.29628274
1,6.112549897,0.646013434,0.734647594,870.4335449,20.90422405
0,3.305969626,0.351158078,0.831477036,231.3409428,12.89299661
1,0.280658319,0.842341,0.645249232,212.6597073,10.55865637
0,4.777254529,0.320160024,0.018432885,687.2088106,10.0715401
0,7.930400688,0.32588864,0.689855158,502.3486123,18.36930519
1,2.542181097,0.547989911,0.857655557,676.8576116,19.03454168
1,7.774190191,0.408781934,0.312460362,361.3972319,15.09570297
1,1.829024612,0.095582726,0.304722423,571.8844805,14.60522834
0,3.987599601,0.452518833,0.176864634,840.0931949,9.497244391
0,0.463063766,0.014802358,0.080646225,167.963367,6.545546261
1,3.672290293,0.766225758,0.75322874,472.6551061,18.97297688
1,5.229753171,0.186653304,0.788990986,328.357119,21.23179074
1,9.059163791,0.668344008,0.439193489,768.810603,18.7832627
1,1.332398004,0.248988076,0.449831666,54.82193415,8.238750088
0,1.800015839,0.555118515,0.974024477,713.4706917,15.26193895
1,0.366521638,0.332296544,0.961306907,335.5327237,12.50001226
1,4.841228063,0.753395065,0.921764415,457.1975431,21.12413244
0,5.237922997,0.259132412,0.469369191,862.0644537,13.94727095
1,2.798180878,0.73607002,0.612037147,674.1856533,18.10404435
0,6.40936106,0.579854488,0.24280924,383.1333339,9.135357658
0,7.577010699,0.381423695,0.833623488,279.1271349,17.68129646
1,0.968831571,0.928662588,0.012811266,241.519041,7.375513878
1,3.173014255,0.911861249,0.854059609,245.352137,17.96643829
1,3.322811345,0.931005935,0.850852743,166.9038875,21.33843602
0,1.814068742,0.928893582,0.64489539,504.7840528,14.922411
1,7.538988146,0.318919644,0.08474594,146.2175528,11.13931949
1,6.634832632,0.910519186,0.002628686,717.2490179,16.14674896
1,0.31805094,0.00426988,0.0868337,331.1994508,8.237715024
1,3.728831205,0.898226093,0.888246409,780.9754287,23.00874234
1,4.4345899,0.986476235,0.180696059,784.3522804,19.10075586
1,2.694640172,0.114052441,0.99960207,122.9996386,18.15558391
1,2.959758787,0.90558213,0.555144546,973.0427403,21.18403488
1,2.581888252,0.401527472,0.139950988,555.072546,8.838172905
1,1.166191786,0.063979998,0.1920419,143.2935346,8.811080112
0,0.232849736,0.134804026,0.04839579,225.7678461,4.590227509
0,1.597295953,0.854900359,0.949156272,981.9258154,18.9311664
0,5.237556409,0.160623508,0.206314053,304.7460924,12.40269561
1,3.874332073,0.515207837,0.691944886,510.8834189,15.24289357
0,1.748479146,0.982297163,0.437102126,713.8443987,15.24613323
0,7.970072954,0.787708767,0.017097545,538.5654513,11.21396288
1,8.207493372,0.429140524,0.374400162,778.834766,15.47217258
1,8.35785785,0.062706293,0.450924692,169.3165797,14.58737442
1,1.876268919,0.384590439,0.81972194,431.8161833,13.60066012
1,4.679690181,0.443004782,0.914365528,937.6674695,23.01507083
1,8.802875798,0.042774608,0.568110365,343.5699593,21.37182513
0,4.869325787,0.850964222,0.07001548,106.4833539,5.962430672
1,7.30560198,0.634735225,0.156879818,690.9686819,15.3678343
0,1.120413514,0.049914998,0.306169788,135.5109006,9.225403158
1,5.311734485,0.530636993,0.810905962,894.4771436,22.59280262
0,2.989120511,0.860605516,0.410224791,54.49919208,9.206853052
0,6.00607958,0.55755769,0.697710178,871.8203071,17.59602797
1,5.720114474,0.826440575,0.87879285,518.5464077,23.38173366
1,8.31674496,0.591677529,0.122469063,150.0127544,10.10878147
1,8.569390084,0.905489052,0.296698086,238.0282349,16.09563442
0,6.588083266,0.171704543,0.841522603,393.9616658,19.30954914
0,0.207108449,0.130115774,0.520023786,742.1555531,11.88135014
1,4.449659038,0.689988465,0.137555822,679.8224561,12.52056902
1,1.53420752,0.226424549,0.997335001,79.71385413,15.8526239
0,9.882879116,0.36646465,0.472789194,611.7831503,17.24088307
1,5.96731015,0.537707414,0.461613572,937.21558,19.03472553
0,1.082536998,0.116174692,0.94559426,238.940264,14.61199178
0,7.419026677,0.286081408,0.558343847,67.79781904,15.93012864
1,4.186326671,0.196336158,0.44157885,465.3818261,17.81122484
0,4.129296004,0.795378645,0.066309862,933.530575,7.171750597
0,6.104209993,0.278437557,0.550248045,940.3853302,13.08977635
1,6.488195539,0.088253312,0.764547292,541.9113886,22.87605066
1,2.449675912,0.307216531,0.52531104,927.3387642,17.27454835
1,6.909652992,0.989677216,0.364189435,940.0643183,22.21832506
1,2.343772186,0.069670327,0.497232817,79.25613258,13.8753871
0,6.287668306,0.047861626,0.935179243,772.6926012,23.05047395
1,3.813664195,0.198173938,0.832832733,413.5621763,18.97343514
1,2.41408367,0.218403789,0.399871962,614.517625,14.0026805
0,6.989827532,0.197126059,0.768963716,325.9599436,15.27424904
0,9.102927262,0.761695058,0.547689093,936.9773981,20.86071339
1,9.831281139,0.172790965,0.117237911,80.73097189,7.658293016
1,5.109060862,0.844864245,0.407479521,152.7855253,16.50053539
0,9.640114745,0.286746105,0.036896747,127.8876842,11.44998455
0,0.606544203,0.161276892,0.328843233,667.2405285,9.258069874
0,5.846750779,0.497508837,0.169105011,756.5227709,12.96495059
1,5.863641565,0.51896199,0.438786086,442.4810123,14.64178005
0,2.035074477,0.830226297,0.061945518,62.29044449,4.446076493
0,4.988740749,0.729340172,0.777564232,528.4062466,16.0225383
1,9.093607774,0.00300795,0.760404392,292.0277267,18.94865918
0,3.015236042,0.629525866,0.782479943,910.5067412,14.72951111
1,4.198560477,0.109135968,0.142253274,925.7739001,16.57334138
1,9.430885249,0.793178989,0.993977197,880.5725851,25.82245955
1,1.886070586,0.66253001,0.563867079,644.0634621,14.36074346
0,2.422563671,0.007302682,0.620823259,256.1893464,14.02687785
1,2.357402898,0.809492685,0.720504317,299.9136535,15.94556165
0,2.581674689,0.300268327,0.490422387,70.39011987,6.523943887
0,4.602907599,0.21645029,0.385010094,837.7430423,12.94376915
1,8.113102183,0.908806928,0.919776079,600.7833497,24.45004898
0,0.581079921,0.780575229,0.719838979,611.1970663,12.00822816
1,3.633155015,0.406157535,0.803697659,99.2465306,17.08419756
0,8.295789559,0.324456676,0.110028265,185.9773025,4.589022448
0,3.374159357,0.193867934,0.728827118,857.4296683,15.75452176
1,4.927097784,0.750308965,0.183872271,598.6458468,15.86711412
1,4.892777085,0.786172266,0.671900163,101.8367565,18.79270543
0,3.621440149,0.658262,0.162364195,72.00205199,2.960054756
0,1.27380233,0.276402334,0.707444752,491.4819122,12.49426501
1,1.358409419,0.6600782,0.256406335,84.81961262,7.574181389
1,0.817466233,0.534586838,0.139851758,265.8230494,4.987683886
1,2.908574743,0.44534288,0.313489913,825.9060014,14.35731812
0,9.017979802,0.792178724,0.354787239,422.1232197,7.806527104
0,2.474993274,0.772199669,0.413751313,365.3615249,10.4155386
0,2.838586489,0.193806059,0.845217561,766.3792181,15.9153371
1,5.192688479,0.474972406,0.224507284,777.8899034,14.00636912
0,8.745452536,0.701787284,0.800457978,642.9467836,20.30218746
0,6.517553769,0.305947806,0.942225566,42.47882704,10.52127589
0,3.119775227,0.843609371,0.08565629,608.4054961,8.84049834
1,5.915521643,0.609434126,0.121381874,588.0620638,14.22948375
1,0.108081141,0.949397528,0.691891458,230.2361049,12.43421186
0,4.272842951,0.358511772,0.666724468,624.5582032,10.43131557
1,1.460148528,0.411518066,0.685530817,191.204704,10.93883301
1,6.818977491,0.12123342,0.388271887,24.26500326,15.95339245
0,1.558704291,0.309939146,0.895509652,710.6193894,14.49094044
1,9.430528653,0.188375458,0.135534695,336.1006186,6.785951226
0,1.062673422,0.885149012,0.014726869,810.3584626,7.177807673
1,5.201453203,0.458353802,0.421116531,961.7071716,17.28527078
1,2.885388554,0.729888895,0.226428785,363.8377704,11.98165189
1,2.390647533,0.845164503,0.179266842,104.2654396,8.374619178
1,1.455520608,0.038525839,0.513409953,389.3132848,13.67169912
0,0.088397693,0.340247008,0.578477996,84.83494444,6.827553669
0,3.772253717,0.859211387,0.948949921,444.8484281,17.85226443
1,1.792204652,0.368428774,0.721284067,709.905629,15.66802509
1,0.712642424,0.089179345,0.378715329,842.8633349,13.1321348
0,5.12829755,0.132116092,0.227338022,416.9413061,7.894497396
1,3.866777895,0.012213402,0.39359968,542.5115093,18.41152633
1,4.238681182,0.73207651,0.356124887,278.9271091,13.98673556
1,0.217449007,0.061650822,0.751802029,715.0408103,15.52812925
0,2.041114871,0.61658985,0.232048699,23.4273202,5.375335679
0,1.151092533,0.696979229,0.678432721,546.6266463,10.85891193
0,7.013223441,0.716870645,0.308335279,882.071383,15.41700301
1,0.870813279,0.266397217,0.794080985,166.9218959,12.06222601
1,6.119921361,0.619165564,0.069785869,356.2248083,12.753336
0,1.363089722,0.721804645,0.407464286,178.665015,7.707683182
1,1.449694678,0.952749479,0.811401847,989.0795705,20.76049976
1,0.950419485,0.291526895,0.196683004,281.6336695,6.872233132
1,2.747196693,0.627907136,0.633092665,47.72339394,12.15587024
1,6.747352775,0.061810323,0.932828171,827.8408101,27.3059545
0,1.685749212,0.325141031,0.487969126,663.6656976,10.53755509
1,0.570423406,0.876482104,0.964896405,963.6756019,19.02607371
1,9.527431967,0.721034198,0.613661492,55.77081591,9.797268867
0,0.903698365,0.851234976,0.181749225,902.5361299,9.819783517
0,5.179469336,0.375807748,0.19911948,579.770608,5.841143904
1,5.03935159,0.590219136,0.626548257,183.5259294,15.06485869
1,9.428554967,0.207351191,0.767151376,223.121306,15.60725827
0,1.780406568,0.213557901,0.856522318,438.564043,12.77184144
1,4.798003028,0.516724443,0.757076928,399.9363096,19.1732623
1,9.618776963,0.867986294,0.710998287,435.0037544,19.84243043
1,5.11674497,0.015463883,0.554046588,358.8195566,21.94888789
0,6.865416508,0.612577442,0.97207824,961.1770396,17.36121435
0,9.597003395,0.460045509,0.377988502,521.1427111,13.50938134
0,1.408325139,0.376682449,0.65299702,29.7498643,7.276794243
0,1.341155309,0.573369756,0.393147557,221.7989646,5.877743404
0,9.658364194,0.720436551,0.919945332,579.5450842,22.73588849
1,8.886879547,0.174508702,0.150605843,359.2934263,9.877471547
0,3.280469663,0.477229316,0.298214669,699.6801029,8.549664483
1,8.626616277,0.390022838,0.063903199,551.1289705,12.9771589
0,9.632765392,0.807206773,0.514060237,318.987657,17.09999562
0,4.964678817,0.139931793,0.347873137,987.1010199,13.61827657
1,0.917687502,0.169509808,0.384402931,973.3979814,12.59728862
0,5.886741621,0.625063716,0.586309808,752.0793016,16.8416884
0,5.927430767,0.404802491,0.239738844,7.661414516,10.00834829
1,4.357480084,0.016713162,0.960753719,719.0872496,24.72984185
1,9.854641966,0.37864452,0.584309516,671.2551297,18.52317971
1,3.678988847,0.637060811,0.229940265,948.7178285,13.22661593
0,5.934409094,0.937688229,0.105244333,832.2019878,13.60814972
1,7.120037733,0.630779136,0.317080074,191.8494104,14.457412
0,4.242850508,0.079812306,0.041842744,977.6424623,14.35711873
0,5.59127877,0.33466058,0.652010466,993.0410008,18.87291822
1,9.350803182,0.831426147,0.556206237,56.74555911,17.90877691
0,1.082066698,0.886505105,0.896575712,577.6667453,15.7822718
1,0.952766609,0.030219783,0.065035522,775.3131228,10.76704481
1,6.435546652,0.786059409,0.840635102,380.8530817,21.94124417
0,6.060704087,0.462925603,0.848549736,129.5356199,16.28071427
1,9.915588484,0.751398215,0.690533483,213.1029487,10.01138174
0,1.541343809,0.103278171,0.605337703,463.389424,13.44454528
0,1.501167461,0.241290559,0.951320289,572.8238851,15.93314198
0,5.680357955,0.8430836,0.897244126,135.1526187,13.76886213
1,8.93622785,0.47536664,0.947310562,34.64989602,16.89941469
1,4.717414006,0.211770012,0.148330952,430.8735368,15.20538964
1,4.694161497,0.411748895,0.767193068,509.3145846,20.10268481
0,5.266912242,0.08307858,0.709032016,206.9656789,14.45595968
1,1.040997101,0.247238297,0.81043611,228.8915009,12.4970016
1,8.1478412,0.174145289,0.992927429,645.6304565,24.86813267
0,0.798518044,0.440156061,0.068122959,443.7097025,3.953389345
1,2.996082087,0.223757572,0.053979505,84.83015652,9.972666984
1,8.241032505,0.810692531,0.907109873,504.726139,21.89765752
0,7.938667388,0.75976295,0.213109947,315.5325488,13.96194955
1,6.900677652,0.029914663,0.459868237,715.3551767,22.5825623
1,2.544626192,0.069548221,0.382377662,518.2464511,17.04983434
0,3.785905924,0.241498952,0.641859649,762.1956075,15.92494323
0,0.683570477,0.821673633,0.773946763,931.3875549,15.39063489
0,3.620186794,0.533810393,0.032897129,897.4500137,9.254252845
1,9.590220007,0.737092414,0.058893962,811.3390478,15.0245032
0,0.837639734,0.061435316,0.614147708,755.3301902,14.44761682
0,3.665375086,0.933961446,0.289205288,10.72549776,9.429672718
1,5.443311711,0.739828325,0.858541838,791.0684304,22.94636903
0,7.552847414,0.183896534,0.406713995,542.4535514,10.64168097
1,8.981746514,0.91769283,0.774679147,679.1048389,24.48867846
0,4.4031455,0.857854827,0.683823656,27.30617053,12.85645389
0,4.053599532,0.05912885,0.44981836,125.4107876,11.64672415
1,3.360302846,0.291212118,0.786433755,825.0826616,19.80183859
0,5.770036912,0.72063636,0.507905886,180.4763328,14.58305677
1,2.91982047,0.941124634,0.049710881,591.3456315,15.25891641
0,4.980356187,0.819283326,0.968009947,96.15049909,12.93135398
0,1.751905463,0.067769693,0.67723555,7.940688454,11.58749372
1,0.979920629,0.39422222,0.546151739,924.4419447,11.89420093
1,6.533938109,0.377138226,0.172029146,946.5351545,16.6932275
1,4.304044508,0.677647978,0.156732033,898.4147323,14.83478239
0,9.296115026,0.686809439,0.919697382,61.47654581,11.22192317
1,7.881682737,0.532723141,0.422242164,262.492228,15.54212397
0,6.778580009,0.6145873,0.389191261,955.0501719,16.06828267
0,0.631616329,0.473451143,0.149335252,166.23885,2.877452376
1,0.000342212,0.675966566,0.178783344,516.791352,4.991719667
1,1.452716472,0.883342257,0.313745849,574.5165195,11.26949959
1,0.345671743,0.318059331,0.306416092,534.7321377,7.230349255
0,4.615103733,0.576262086,0.436730575,281.0704303,7.576276173
0,5.106601656,0.625005436,0.880968359,974.8994232,15.9873618
1,5.918078198,0.386074588,0.470021077,329.0105577,15.25214402
1,2.581043484,0.211824315,0.242865724,19.11264642,9.414606052
0,7.350760209,0.458347381,0.619168131,56.97142396,12.16030214
1,7.964126661,0.809387665,0.652273372,555.1565135,20.95767588
1,3.482542724,0.469337744,0.206040478,991.0593237,12.28659885
1,0.779758114,0.689163021,0.427897736,345.0049738,8.032374282
0,8.678002341,0.557064899,0.461372955,757.6838384,13.91007488
1,8.532546556,0.100260148,0.556663094,828.2791681,17.96707677
0,6.354775886,0.016825389,0.363269119,707.0211351,18.57692555
1,4.237485671,0.345926393,0.318585367,414.7854639,14.87438894
0,5.112590033,0.973325985,0.036288372,214.5482828,10.69626684
0,5.396860619,0.165695398,0.6513541,63.97428293,10.51708315
0,4.947600009,0.750049186,0.304627886,368.4727108,7.548108194
0,7.768740914,0.080175227,0.875278806,815.3980577,24.4108536
0,3.88098733,0.864849187,0.2058453,739.9242784,11.13556508
1,1.299491128,0.301850172,0.876739677,326.2365141,14.40805442
1,4.11755684,0.070245188,0.564950469,807.2657942,22.97997168
0,5.386137222,0.523339602,0.983145177,732.5150469,14.78241709
0,6.170649493,0.521072513,0.836568138,747.018029,19.015338
0,2.973591254,0.697992612,0.35519646,990.0906404,9.731103649
0,9.61060578,0.681126787,0.00858447,379.3572424,12.41211485
0,1.928109212,0.087294511,0.083448964,844.7121518,10.88277186
1,2.827410946,0.106055169,0.432905971,234.3202332,12.96324807
0,9.920434548,0.103088933,0.832586368,407.2819977,23.38775139
0,3.399027081,0.251753498,0.976609303,611.4941932,14.9572568
0,3.982777059,0.526503406,0.767818929,930.1120721,14.6915237
0,2.333582156,0.334482892,0.422644774,412.9020432,9.072279206
1,8.298950132,0.890466431,0.70606136,52.99586827,19.34460746
1,7.076379672,0.296646934,0.593005852,90.56052181,15.46500832
1,8.937854665,0.416260762,0.268957359,934.3265377,14.04926978
1,8.531419078,0.27146162,0.393748993,359.8458581,15.3178002
1,0.529046629,0.757197256,0.713155104,196.3270001,11.06423197
1,7.892384887,0.686779325,0.391523758,77.85618015,14.9492965
0,1.539915336,0.792906453,0.440178639,455.5845275,8.904124782
1,3.498007948,0.921497443,0.116361726,406.4037374,14.19865363
1,4.024498323,0.310684012,0.893198153,175.2870641,17.68510831
1,1.067088454,0.756946953,0.587549491,191.2791164,9.959531415
1,8.955122932,0.511071141,0.102065888,698.645547,14.16187041
0,7.330769968,0.029655068,0.222404441,313.7093763,13.06167736
1,4.757857867,0.148103046,0.078495242,455.9943646,15.49267016
0,3.238339877,0.238098188,0.624428239,648.9531766,15.31028444
0,9.867727086,0.299075643,0.169398791,795.7427591,12.91637528
1,1.120994586,0.515884018,0.442334839,902.3841003,11.25141363
0,1.89560596,0.392941928,0.219354067,307.1375996,5.284684417
0,6.853435724,0.85531951,0.26100292,56.30902375,6.384885187
1,9.156300514,0.626334771,0.781242376,284.3032378,19.55163523
0,4.837573316,0.349310171,0.068853482,791.8019934,5.986294723
1,5.579499463,0.543888159,0.442796791,548.0494765,17.16144587
1,0.368104777,0.129460009,0.080546702,683.0792537,7.641647881
0,2.600445397,0.479353962,0.444110285,900.720522,11.30053489
1,3.425441561,0.432272816,0.732377675,837.3306526,18.73004482
0,5.404135981,0.479533446,0.586234482,332.3504912,13.51265064
0,0.639594673,0.019028148,0.896296746,627.6207386,17.30693342
0,3.986209213,0.310660547,0.899661744,818.1783661,14.29978841
0,0.491151071,0.967772011,0.806154626,297.0947744,14.38988562
0,9.722732118,0.546528842,0.499845835,296.2735728,8.311241649
1,7.553253443,0.820966906,0.997611547,897.6602716,26.52418762
1,9.087077234,0.845212679,0.078396128,439.7761701,15.36169827
0,6.321290924,0.016629951,0.863281553,693.8166818,22.48139964
1,2.749718146,0.914567758,0.700353215,421.1835428,18.19350615
0,5.933696507,0.235132376,0.514136013,80.26203159,13.38972978
0,8.758789212,0.1471094,0.196019291,64.88776726,10.66531336
1,3.183540081,0.679866721,0.696391489,634.0502385,17.67946324
0,3.992251564,0.735696684,0.415002861,101.7909656,11.01925101
1,2.735242273,0.602014925,0.928260039,939.3365991,21.48500342
1,9.704863743,0.316025608,0.05258445,901.5239383,15.56430443
1,6.97801843,0.93541559,0.59141533,496.7445832,22.16240109
1,4.890591633,0.336715433,0.418901259,885.1177904,19.0770154
1,6.308209027,0.005500267,0.346946827,533.1875291,20.9789295
1,2.613121262,0.151331,0.517967845,979.3859213,19.53299724
1,0.87303202,0.090577359,0.018934149,302.2268717,6.832927949
0,8.997705646,0.986312476,0.271103441,482.2889158,17.94144429
0,3.134796893,0.82896485,0.102020943,127.9609928,7.09915647
1,6.879974429,0.516978337,0.407276519,1.723331603,13.74044984
1,0.980855311,0.254161415,0.373766982,623.3087719,10.0436677
1,5.311984082,0.692702783,0.480600343,168.4240402,16.35846072
0,6.305352866,0.297891973,0.995794665,80.89973222,11.288877
0,7.538780469,0.311895751,0.647286366,42.79284519,11.26664028
1,7.150552258,0.944170508,0.950804269,963.1786214,28.26964725
1,0.995600984,0.742208586,0.915773394,743.7292,16.68603812
1,0.897053674,0.364142841,0.960769642,133.8325932,12.33809217
1,9.903575701,0.476885803,0.911164776,640.5607002,18.25650865
0,8.143249266,0.864689186,0.068125107,691.0294187,15.89651959
1,8.814972581,0.328243337,0.904202328,210.763597,19.63429199
1,4.284157222,0.761212698,0.373081483,543.1386345,17.45300454
0,6.363272877,0.710498875,0.118852967,442.2608549,6.84869297
1,5.042458245,0.258068221,0.724696681,218.8990415,17.58037446
1,5.565662918,0.980056685,0.817865066,222.2676098,23.66871222
1,7.561639854,0.424118652,0.929073619,44.58665161,19.5479157
0,9.859166552,0.832129623,0.959756117,225.9733509,22.92067097
1,4.085732728,0.152340281,0.630533673,300.5032396,16.99794965
0,8.051925317,0.798768137,0.387070334,455.9429548,10.64019866
1,1.706900506,0.425706391,0.526452964,698.7508711,12.66548786
0,6.674383059,0.717053177,0.466021804,815.5106328,10.29194317
0,5.386123749,0.436776212,0.451346664,628.2931029,13.30079477
1,3.980981295,0.152435955,0.238581858,643.8375074,16.48979529
1,7.062896992,0.528942754,0.442258997,118.4195333,14.77174229
0,1.880540288,0.093264879,0.674160893,328.0014759,11.74939195
0,9.223611356,0.749397072,0.081988454,375.9339832,13.57841964
0,4.347868291,0.518029262,0.247577442,767.744196,12.41779337
0,0.338672478,0.276041033,0.596203364,997.2706508,12.4366878
1,5.295337785,0.66215509,0.524986687,364.2550236,16.7223657
1,2.347165377,0.23758112,0.42311612,122.3740571,12.75626326
0,7.892995075,0.487511369,0.540271165,833.9919602,15.79493474
0,2.443858012,0.25078093,0.960082468,793.2998245,15.92072479
1,2.785215643,0.764555833,0.227177579,843.1893228,13.22163979
0,7.00656174,0.541950837,0.549112697,139.9281958,12.13537631
1,7.613001959,0.377455675,0.182948593,567.2476337,14.66005837
0,7.75806351,0.272980922,0.111734044,435.0318997,7.798135087
0,1.044954423,0.550441635,0.105988621,421.7229986,3.95515141
1,8.930500369,0.822786787,0.570499698,946.6726783,22.00256344
0,1.386374098,0.724575721,0.886651061,408.7258278,12.80480615
1,0.187142895,0.080161317,0.335161854,162.2760239,8.163982835
0,8.811863104,0.038913283,0.082428983,109.6052357,11.91182386
0,0.381972284,0.021832079,0.643911555,457.6542407,13.75057021
0,3.371981221,0.231520775,0.627771401,809.9274778,15.39152242
0,1.636677701,0.385506194,0.447467555,991.0031835,11.11105142
1,8.347235125,0.917701287,0.935384735,755.6127914,22.59643057
0,7.214236076,0.426214312,0.668255184,18.00727279,10.62760907
1,9.777534983,0.154007486,0.165619736,332.8546073,15.41137041
1,5.821806425,0.966126844,0.820263677,468.0077062,24.86383653
